血泪江湖 【国语中字】@#@qvod@#@9@#@经典三级@#@http://img.sejiazu.com:3027/Uploads/vod/2013-10-13/f8c759b6-598e-4035-bbbb-712513016ae3.jpg@#@http://sadpanda.us/images/1703706-P64ZNJI.jpg,http://sadpanda.us/images/1703708-NNS446L.jpg@#@http://zy1.pililu.com:8032/428595812/78E5DB0FE45ACAA0A2BEE24821E0F0F6925DE203/20130730a_81.rmvb@#@E855F5A1C8B3776D3B1D27FD27F7B238@#@1483@#@1445089762440
血泪江湖 【国语中字】@#@xfplay@#@9@#@经典三级@#@http://img.sejiazu.com:3027/Uploads/vod/2013-10-13/f8c759b6-598e-4035-bbbb-712513016ae3.jpg@#@http://sadpanda.us/images/1703706-P64ZNJI.jpg,http://sadpanda.us/images/1703708-NNS446L.jpg@#@xfplay://dna=mwi1EHi5AwLZBdfcmwe5DGx2EGydDxH4BGD5mGH0EHMgAwjgD0e3ED|dx=428595812|mz=81.rmvb|zx=nhE0pdOVl3P5mF5xqzD5Ac5wo206BGa4mc94MzXPozS@#@58F9FCFF671D03871260A94978CB8F5B@#@1483@#@1445089762441
性工作者十日谈 【国语简中】@#@qvod@#@9@#@经典三级@#@http://img.sejiazu.com:3027/Uploads/vod/2013-10-13/b04b658a-1a2e-4009-9510-b848354096a2.jpg@#@http://sadpanda.us/images/1710353-Y23WA2C.jpg,http://sadpanda.us/images/1710353-Y23WA2C.jpg@#@http://zy1.pililu.com:8032/444669133/A48B04B89B94406B6597423063087E9B137684E1/20130730a_128.rmvb@#@193A6F323CA88F986878189A868E7A87@#@1484@#@1445089765685
性工作者十日谈 【国语简中】@#@xfplay@#@9@#@经典三级@#@http://img.sejiazu.com:3027/Uploads/vod/2013-10-13/b04b658a-1a2e-4009-9510-b848354096a2.jpg@#@http://sadpanda.us/images/1710353-Y23WA2C.jpg,http://sadpanda.us/images/1710353-Y23WA2C.jpg@#@xfplay://dna=BHi4mZa3mdybExH0DxD4Ewa2BdMfEGLYDGpWDGDYEwygAGp4mdMcDD|dx=444669133|mz=128.rmvb|zx=nhE0pdOVl3P5mF5xqzD5Ac5wo206BGa4mc94MzXPozS@#@653A6A953021B344E8996065691DF14D@#@1484@#@1445089765686
】曼谷AV女郎 中文字幕@#@qvod@#@9@#@经典三级@#@http://img.sejiazu.com:3027/Uploads/vod/2013-09-26/bdc64369-8db5-4aae-9250-5fa46b393023.jpg@#@@#@http://zy1.pililu.com:8032/416631345/9C2CEF1885CF1E51764E1702BC2B68328823F062/20130924_曼谷AV女郎.rmvb@#@35A6EACAF2DE540BAAABD3EB701FA0DF@#@1485@#@1445089768913
】曼谷AV女郎 中文字幕@#@xfplay@#@9@#@经典三级@#@http://img.sejiazu.com:3027/Uploads/vod/2013-09-26/bdc64369-8db5-4aae-9250-5fa46b393023.jpg@#@@#@xfplay://dna=EHfdEeDWAdueBdbcmZAeDwAfmdtYmdqeDHfdm0EfmHEdmxDZEHIcDW|dx=416631345|mz=曼谷AV女郎.rmvb|zx=nhE0pdOVl3P5mF5xqzD5Ac5wo206BGa4mc94MzXPozS@#@F52F547A574A8E25AE569766F60DF490@#@1485@#@1445089768924
新倾国倾城 【中文字幕】@#@qvod@#@9@#@经典三级@#@/pic/nopic.gif@#@@#@http://zy1.pililu.com:8032/648054302/874CD938B4DBE245D7FECDD34CBE05B559368124/20130916a_新傾國傾城 [中文字幕].rmvb@#@6ABA57497FB21330D670BB0CEA6A65E6@#@1486@#@1445089774936
香港三级 性戏观 胴体@#@qvod@#@9@#@经典三级@#@http://img.sejiazu.com:3027/Uploads/vod/2013-08-23/83e64432-da29-4592-86bf-5de6d56f49c5.jpg@#@@#@http://zy2.pililu.com:8032/252013562/36DA0C7D3EDA7045B70AA38D6B189D90BB6D0BCB/20130822_61.rmvb@#@6A97EED6AA096B1ABDF65F4A9A73AB15@#@1487@#@1445089782700
香港三级 性戏观 胴体@#@xfplay@#@9@#@经典三级@#@http://img.sejiazu.com:3027/Uploads/vod/2013-08-23/83e64432-da29-4592-86bf-5de6d56f49c5.jpg@#@@#@xfplay://dna=DxHYmde3BdAgm0ffmwbfEwH4AxLYmdxYDHmWmwHYmHfbAGEgmGufEt|dx=252013562|mz=61.rmvb|zx=nhE0pdOVl3P5mv5xqzD5Ac5wo206BGa4mc94MzXPozS@#@B2C01CB23174960417BCAD67E8910A13@#@1487@#@1445089782700
艺坛风雨录@#@qvod@#@9@#@经典三级@#@http://img.sejiazu.com:3027/Uploads/vod/2013-08-23/848c8715-3344-4ae7-8a50-baf09c076839.jpg@#@http://sadpanda.us/images/1794515-CCKW49W.jpg@#@http://zy2.pililu.com:8032/504491819/5F1BC0B893A25B84C75A99184A172680BA04F416/20130822_35.rmvb@#@87AFD8F0AD87D0A19288704452003149@#@1488@#@1445089789357
艺坛风雨录@#@xfplay@#@9@#@经典三级@#@http://img.sejiazu.com:3027/Uploads/vod/2013-08-23/848c8715-3344-4ae7-8a50-baf09c076839.jpg@#@http://sadpanda.us/images/1794515-CCKW49W.jpg@#@xfplay://dna=AxEbmwufmdt3mHL1EdfcBGeYAGpWBdbgAdqcDGDYAZx1Aee2BHEfAt|dx=504491819|mz=35.rmvb|zx=nhE0pdOVl3P5mv5xqzD5Ac5wo206BGa4mc94MzXPozS@#@020149B2D1721B2B1084FF12AFD65338@#@1488@#@1445089789357
古装艳情喜剧~新红楼梦 初尝禁果@#@qvod@#@9@#@经典三级@#@http://img.sejiazu.com:3027/Uploads/vod/2013-08-08/f39e789d-3701-4d6b-b31d-4d6f012f7460.jpg@#@http://sadpanda.us/images/1758900-0JWQT69.jpg@#@http://zy1.pililu.com:8032/246936932/417C94457EE74FE1AE9C1495FB0B810B91D0A98D/20130808_87.rmvb@#@F08DC3FC51BF8D12AD518CD8F95FE111@#@1489@#@1445089798215
古装艳情喜剧~新红楼梦 初尝禁果@#@xfplay@#@9@#@经典三级@#@http://img.sejiazu.com:3027/Uploads/vod/2013-08-08/f39e789d-3701-4d6b-b31d-4d6f012f7460.jpg@#@http://sadpanda.us/images/1758900-0JWQT69.jpg@#@xfplay://dna=AGa2DZi2EwjcDwjgAHe5mHD0AwAfDxm5mwD4mZbdAxH2mxLXmZH1Ea|dx=246936932|mz=87.rmvb|zx=nhE0pdOVl3P5mF5xqzD5Ac5wo206BGa4mc94MzXPozS@#@970F05D48CFBEBA6282A2C0934F1E4B7@#@1489@#@1445089798215
古装艳情喜剧~新红楼梦 淫乱春园@#@qvod@#@9@#@经典三级@#@http://img.sejiazu.com:3027/Uploads/vod/2013-08-08/6171f6e7-9577-4ddb-853b-4f4569ca2600.jpg@#@http://sadpanda.us/images/1758902-NQ35XY2.jpg@#@http://zy1.pililu.com:8032/222853703/6C8C9830231AA392470848685FAE0B8EDFF6031B/20130808_88.rmvb@#@ECEB141E7F8FD2AB570DA0748E10BFAA@#@1490@#@1445089806403
古装艳情喜剧~新红楼梦 淫乱春园@#@xfplay@#@9@#@经典三级@#@http://img.sejiazu.com:3027/Uploads/vod/2013-08-08/6171f6e7-9577-4ddb-853b-4f4569ca2600.jpg@#@http://sadpanda.us/images/1758902-NQ35XY2.jpg@#@xfplay://dna=mee4DZAgmGt1DZx1DGa0BdjbmGqbmGL3DwiZAxH0Bem2DZp5mdx0Et|dx=222853703|mz=88.rmvb|zx=nhE0pdOVl3P5mF5xqzD5Ac5wo206BGa4mc94MzXPozS@#@A273081B22E677C06BCC633E4003F3D2@#@1490@#@1445089806403
古装艳情喜剧~新红楼梦 素女销魂@#@qvod@#@9@#@经典三级@#@http://img.sejiazu.com:3027/Uploads/vod/2013-08-08/da2eadf6-6ab1-44e0-a499-ec0bff9cfcb6.jpg@#@http://sadpanda.us/images/1758905-RNFR30Q.jpg@#@http://zy1.pililu.com:8032/220465629/0A629A3AFC701BA76D2A5CB74C963B476FC30548/20130808_89.rmvb@#@01902F39C9A3A9D66DD578508F77A267@#@1491@#@1445089812777
古装艳情喜剧~新红楼梦 素女销魂@#@xfplay@#@9@#@经典三级@#@http://img.sejiazu.com:3027/Uploads/vod/2013-08-08/da2eadf6-6ab1-44e0-a499-ec0bff9cfcb6.jpg@#@http://sadpanda.us/images/1758905-RNFR30Q.jpg@#@xfplay://dna=DZL1mdAbmemZAZjcAZHZBdD1mdjcmeIeAefcBdp5EwqfBGbdmGiWAD|dx=220465629|mz=89.rmvb|zx=nhE0pdOVl3P5mF5xqzD5Ac5wo206BGa4mc94MzXPozS@#@4B6C9477E67F5F78BD114F0E314E653D@#@1491@#@1445089812777
古装艳情喜剧~新红楼梦 绝色春宫@#@qvod@#@9@#@经典三级@#@http://img.sejiazu.com:3027/Uploads/vod/2013-08-08/06590617-ba90-45cd-8612-4dc5633bbc14.jpg@#@http://sadpanda.us/images/1758908-JAWERGV.jpg@#@http://zy1.pililu.com:8032/201664556/A6356765B28A041480E5028B29A24C019F929CFA/20130808_91.rmvb@#@17B8438D18C937D3D498FC7520DFA7CD@#@1492@#@1445089818108
古装艳情喜剧~新红楼梦 绝色春宫@#@xfplay@#@9@#@经典三级@#@http://img.sejiazu.com:3027/Uploads/vod/2013-08-08/06590617-ba90-45cd-8612-4dc5633bbc14.jpg@#@http://sadpanda.us/images/1758908-JAWERGV.jpg@#@xfplay://dna=BHIgExmWDwAcAwtXmdp1mHDZAHLWDwMgBdbemdx3A0jfEeiXmZp4DW|dx=201664556|mz=91.rmvb|zx=nhE0pdOVl3P5mF5xqzD5Ac5wo206BGa4mc94MzXPozS@#@996C5BDA6447B7DC6CB3A268D9EED4CF@#@1492@#@1445089818108
古装艳情喜剧~新红楼梦 荡妇淫娃@#@qvod@#@9@#@经典三级@#@http://img.sejiazu.com:3027/Uploads/vod/2013-08-08/8cd907e7-3969-4742-b609-5590cc8078a4.jpg@#@http://sadpanda.us/images/1758907-J58F0NL.jpg@#@http://zy1.pililu.com:8032/227736463/3CAB6416583F0482CB2E704372B6AE409F1769E8/20130808_90.rmvb@#@9C715984C948A2013DA46CB2B98D6A81@#@1493@#@1445089823607
古装艳情喜剧~新红楼梦 荡妇淫娃@#@xfplay@#@9@#@经典三级@#@http://img.sejiazu.com:3027/Uploads/vod/2013-08-08/8cd907e7-3969-4742-b609-5590cc8078a4.jpg@#@http://sadpanda.us/images/1758907-J58F0NL.jpg@#@xfplay://dna=DHfdmxm3AGH3EdLZEHeWAwAgAGfcmxMcA0mXDxMdmwyfEejcEeAbBD|dx=227736463|mz=90.rmvb|zx=nhE0pdOVl3P5mF5xqzD5Ac5wo206BGa4mc94MzXPozS@#@8F9ADF995F60D9A5D9CC654944EEF72F@#@1493@#@1445089823608
古装艳情喜剧~新红楼梦 引君入梦@#@qvod@#@9@#@经典三级@#@http://img.sejiazu.com:3027/Uploads/vod/2013-08-08/cb6b502a-94c4-49ce-9b92-35a88a4c1809.jpg@#@http://sadpanda.us/images/1758910-8D02UBC.jpg@#@http://zy1.pililu.com:8032/246049144/4A8106C9D7922AB0106079BB26F425843AB26CAA/20130808_92.rmvb@#@EC648A1F83A4BDF4D596C6F278707A9F@#@1494@#@1445089833450
古装艳情喜剧~新红楼梦 引君入梦@#@xfplay@#@9@#@经典三级@#@http://img.sejiazu.com:3027/Uploads/vod/2013-08-08/cb6b502a-94c4-49ce-9b92-35a88a4c1809.jpg@#@http://sadpanda.us/images/1758910-8D02UBC.jpg@#@xfplay://dna=Adp5AwaZEHiXBGqeDwe1DxmZm0mXAHMgDwt0ExjfDGjbA0LWEdpYEa|dx=246049144|mz=92.rmvb|zx=nhE0pdOVl3P5mF5xqzD5Ac5wo206BGa4mc94MzXPozS@#@3A9542CAA934D5528C976577787424A2@#@1494@#@1445089833450
古装艳情喜剧~新红楼梦 痴情色男@#@qvod@#@9@#@经典三级@#@http://img.sejiazu.com:3027/Uploads/vod/2013-08-08/60713566-dbfc-4d85-8b2e-70a00edaacac.jpg@#@http://sadpanda.us/images/1758914-LT230OZ.jpg@#@http://zy1.pililu.com:8032/400555731/BCD3E9FA0C6B5484858A46C02F49E3F4BA9C422C/20130808_94.rmvb@#@344F32BB69D6B54AF5EB4DE2D2B6BBED@#@1495@#@1445089851438
古装艳情喜剧~新红楼梦 痴情色男@#@xfplay@#@9@#@经典三级@#@http://img.sejiazu.com:3027/Uploads/vod/2013-08-08/60713566-dbfc-4d85-8b2e-70a00edaacac.jpg@#@http://sadpanda.us/images/1758914-LT230OZ.jpg@#@xfplay://dna=DHiZm0EeBem3mHAcAdjbAxD5Bde4m0L5BGa4Eda2DZubAxfeBeiYmD|dx=400555731|mz=94.rmvb|zx=nhE0pdOVl3P5mF5xqzD5Ac5wo206BGa4mc94MzXPozS@#@A77D1A69651FEC89F016D680A47D084E@#@1495@#@1445089851439
古裝艷情喜劇~新紅樓夢 偷香竊玉@#@qvod@#@9@#@经典三级@#@http://img.sejiazu.com:3027/Uploads/vod/2013-08-08/def75a98-d99b-408b-8824-179887e6d0ac.jpg@#@http://sadpanda.us/images/1758913-77CDUOU.jpg@#@http://zy1.pililu.com:8032/241741811/C696FE6A3F09FEC766829850663E999ACC9B0021/20130808_93.rmvb@#@1777A505C5C3D7FCB1097DDA286587C5@#@1496@#@1445089857417
古裝艷情喜劇~新紅樓夢 偷香竊玉@#@xfplay@#@9@#@经典三级@#@http://img.sejiazu.com:3027/Uploads/vod/2013-08-08/def75a98-d99b-408b-8824-179887e6d0ac.jpg@#@http://sadpanda.us/images/1758913-77CDUOU.jpg@#@xfplay://dna=AHIcBHLZDHAgAxfeBdMgmxi2mdqfAdbgDGLWEwp0mHH0DHeZmeLZDt|dx=241741811|mz=93.rmvb|zx=nhE0pdOVl3P5mF5xqzD5Ac5wo206BGa4mc94MzXPozS@#@0B22F54EACEEB785DEA3FA8B1DD3CB88@#@1496@#@1445089857418
古装艳情喜剧~新红楼梦 艳曲芳心@#@qvod@#@9@#@经典三级@#@http://img.sejiazu.com:3027/Uploads/vod/2013-08-08/0814845f-ff3e-4248-911c-e34a16e3058c.jpg@#@http://sadpanda.us/images/1758916-RTBBVE5.jpg@#@http://zy1.pililu.com:8032/229799622/E7CE3B1110D0C72B9DEC45742D98D3413865648D/20130808_95.rmvb@#@282D739823E1A0E1CCA20D097C8C954C@#@1497@#@1445089861988
古装艳情喜剧~新红楼梦 艳曲芳心@#@xfplay@#@9@#@经典三级@#@http://img.sejiazu.com:3027/Uploads/vod/2013-08-08/0814845f-ff3e-4248-911c-e34a16e3058c.jpg@#@http://sadpanda.us/images/1758916-RTBBVE5.jpg@#@xfplay://dna=mHmWBGp5AHiYEHLYmZD4mHH4AeD4AGxXExe4Bee0DGybmZIfDZL2mW|dx=229799622|mz=95.rmvb|zx=nhE0pdOVl3P5mF5xqzD5Ac5wo206BGa4mc94MzXPozS@#@CDF235E1F726CE4F022652175F1092AE@#@1497@#@1445089861988
古装艳情喜剧~新红楼梦 极乐世界@#@qvod@#@9@#@经典三级@#@http://img.sejiazu.com:3027/Uploads/vod/2013-08-08/bc478476-e072-45f4-b691-2a636a35060b.jpg@#@http://sadpanda.us/images/1758918-XCKNQ9Q.jpg@#@http://zy1.pililu.com:8032/209374326/AA6FE93929EB0A13BD664F2E7ECDF543D7B99693/20130808_96.rmvb@#@BB8F4F4711876CD88552752FB13C47AE@#@1498@#@1445089865296
古装艳情喜剧~新红楼梦 极乐世界@#@xfplay@#@9@#@经典三级@#@http://img.sejiazu.com:3027/Uploads/vod/2013-08-08/bc478476-e072-45f4-b691-2a636a35060b.jpg@#@http://sadpanda.us/images/1758918-XCKNQ9Q.jpg@#@xfplay://dna=BdL0DxEdmee4mdDYmHi1Exe4AGx5mdi1mxHWEHH1ExH3EeH3mwm1ED|dx=209374326|mz=96.rmvb|zx=nhE0pdOVl3P5mF5xqzD5Ac5wo206BGa4mc94MzXPozS@#@2D03DFD803E31E2D24B0665B3940E7DF@#@1498@#@1445089865296
尸妖 (未删剪版) 【国语简中】@#@qvod@#@9@#@经典三级@#@http://img.sejiazu.com:3027/Uploads/vod/2013-07-23/28b7613b-900e-422f-8082-3237e7c6207c.jpg@#@http://sadpanda.us/images/1679576-OYVKIBA.jpg,http://sadpanda.us/images/1679582-MM7I6KQ.jpg@#@http://zy1.pililu.com:8032/361860787/EEA2BF25EF3F9CCD318D86613DCE555BA84A1CD8/20130723_104.rmvb@#@CB91867385D2E53011D374020DF02346@#@1499@#@1445089868539
尸妖 (未删剪版) 【国语简中】@#@xfplay@#@9@#@经典三级@#@http://img.sejiazu.com:3027/Uploads/vod/2013-07-23/28b7613b-900e-422f-8082-3237e7c6207c.jpg@#@http://sadpanda.us/images/1679576-OYVKIBA.jpg,http://sadpanda.us/images/1679582-MM7I6KQ.jpg@#@xfplay://dna=meIemGpXmZjfmwbeEHiZAxiWBeHWm0jbD0MbBda4DGH4mZaXmZMdBD|dx=361860787|mz=104.rmvb|zx=nhE0pdOVl3P5mF5xqzD5Ac5wo206BGa4mc94MzXPozS@#@C9EC6220484635AFC96C7202DC0D8BC0@#@1499@#@1445089868539
欢乐性今宵第2集   第4集（国语发音)@#@qvod@#@9@#@经典三级@#@http://img.sejiazu.com:3027/Uploads/vod/2013-07-08/435586c5-875b-4a21-9e97-2df0d0d4dc44.jpg@#@http://sadpanda.us/images/1605116-CBAVQR4.jpg,http://sadpanda.us/images/1605169-N1RN1YB.jpg,http://sadpanda.us/images/1605125-2SHA6Y8.jpg@#@http://zy1.pililu.com:8032/351028188/842A365ACF77E3B04BB4FFDB5493E470B6A8C1CA/20130708b_80a.rmvb@#@A481B94C695DA66A054CE53F4C744AA3@#@1500@#@1445089875930
欢乐性今宵第2集   第4集（国语发音)@#@qvod@#@9@#@经典三级@#@http://img.sejiazu.com:3027/Uploads/vod/2013-07-08/435586c5-875b-4a21-9e97-2df0d0d4dc44.jpg@#@http://sadpanda.us/images/1605116-CBAVQR4.jpg,http://sadpanda.us/images/1605169-N1RN1YB.jpg,http://sadpanda.us/images/1605125-2SHA6Y8.jpg@#@http://zy1.pililu.com:8032/367094065/BFFFD0E16AE07F0FDD38F76CA2CBAAE373F637FF/20130708b_80b.rmvb@#@A0AB5AE44790D1F473AD235EC40E9E68@#@1500@#@1445089875930
欢乐性今宵第2集   第4集（国语发音)@#@xfplay@#@9@#@经典三级@#@http://img.sejiazu.com:3027/Uploads/vod/2013-07-08/435586c5-875b-4a21-9e97-2df0d0d4dc44.jpg@#@http://sadpanda.us/images/1605116-CBAVQR4.jpg,http://sadpanda.us/images/1605169-N1RN1YB.jpg,http://sadpanda.us/images/1605125-2SHA6Y8.jpg@#@xfplay://dna=DHD2DxfgDxe2AZa2AGEgmGi4AHeZBGm4EeMdDwtXmxDZAGp4Awe4AW|dx=367094065|mz=80b.rmvb|zx=nhE0pdOVl3P5mF5xqzD5Ac5wo206BGa4mc94MzXPozS@#@212704A734487E04EA8271D0A18E5A89@#@1500@#@1445089875931
欢乐性今宵第2集   第4集（国语发音)@#@xfplay@#@9@#@经典三级@#@http://img.sejiazu.com:3027/Uploads/vod/2013-07-08/435586c5-875b-4a21-9e97-2df0d0d4dc44.jpg@#@http://sadpanda.us/images/1605116-CBAVQR4.jpg,http://sadpanda.us/images/1605169-N1RN1YB.jpg,http://sadpanda.us/images/1605125-2SHA6Y8.jpg@#@xfplay://dna=EefdmGLYD0DXBdEeA0jdBdpZmGe3ExjdA0fcmxm3BGufD0jgDZH4Ea|dx=351028188|mz=80a.rmvb|zx=nhE0pdOVl3P5mF5xqzD5Ac5wo206BGa4mc94MzXPozS@#@4CA4385A5C744B72A0A9AF8FA5883AFA@#@1500@#@1445089875932
少妇的秘密@#@qvod@#@9@#@经典三级@#@http://img.sejiazu.com:3027/Uploads/vod/2013-03-31/511b3329-d281-44cc-9200-7d6399e3bc90.jpg@#@http://i.imgrz.com/I4TsC.jpg,http://i.imgrz.com/xhlF8.jpg,http://i.imgrz.com/q762H.jpg,http://i.imgrz.com/lOujt.jpg,http://i.imgrz.com/ZIPtN.jpg@#@http://zy1.pililu.com:8032/188023220/E0FD74D2410285FF236FA7E18673BE840DAA5194/20130329_少妇的秘密.rmvb@#@77B77CBFC8CF2440EDB5233DBEEE6689@#@1501@#@1445089887580
赤裸人性@#@qvod@#@9@#@经典三级@#@http://img.sejiazu.com:3027/Uploads/vod/2013-03-31/5ba17c59-87ef-489a-b9ac-7b0d6f9fd14a.jpg@#@http://s1.directupload.net/images/121121/sjvr825b.jpg,http://s1.directupload.net/images/121121/kn33xz4e.jpg@#@http://zy1.pililu.com:8032/327036979/3D131EF80BE849C9EC64607074EF7795D36FD21E/20130329_赤裸人性.rmvb@#@F15200105C816B2B68339068AE90B135@#@1502@#@1445089902549
暗涌 (未删剪版) 【中文字幕】@#@qvod@#@9@#@经典三级@#@http://img.sejiazu.com:3027/Uploads/vod/2013-12-24/6d010d54-9c0c-403e-966f-e7915d7f2b7c.jpg@#@@#@http://zy3.pililu.com:8032/505242755/F08CFCD3471E31E28E5BF8F8FF1B30810768FBA9/wm201312211_暗湧 (未刪剪版) [中文字幕].rmvb@#@A5E05DECBF380E4796FD2F584A11AD8C@#@1627@#@1445091207530
暗涌 (未删剪版) 【中文字幕】@#@xfplay@#@9@#@经典三级@#@http://img.sejiazu.com:3027/Uploads/vod/2013-12-24/6d010d54-9c0c-403e-966f-e7915d7f2b7c.jpg@#@@#@xfplay://dna=mZm4EeL3EeIcEdIeDGt2D0HYEwm4BdAgDxD5AwHXDwqeEdD0EwtYDD|dx=505242755|mz=暗湧 (未刪剪版) [中文字幕].rmvb|zx=nhE0pdOVl3A1LweUMhMxBGDUL29TBwxWBdaVrgMSnJ5R@#@DED921818764B3D242F6534D344AC547@#@1627@#@1445091207531
情色马拉松 【中文字幕】@#@qvod@#@9@#@经典三级@#@http://img.sejiazu.com:3027/Uploads/vod/2013-10-13/86b3db48-460f-4ded-a859-16b88d7c17c5.jpg@#@http://sadpanda.us/images/1696575-ZHYBSX1.jpg,http://sadpanda.us/images/1696577-6N0CJYS.jpg,http://sadpanda.us/images/1696568-O4XU2ZT.jpg,http://sadpanda.us/images/1696569-22TPS1L.jpg@#@http://zy1.pililu.com:8032/344544601/2F0F8D5F601FD430F2FA78F210634FE4A3D1892D/20130730a_82.rmvb@#@3203AA57BF79EB8307CB1B64E7BE6707@#@1628@#@1445091220745
情色马拉松 【中文字幕】@#@xfplay@#@9@#@经典三级@#@http://img.sejiazu.com:3027/Uploads/vod/2013-10-13/86b3db48-460f-4ded-a859-16b88d7c17c5.jpg@#@http://sadpanda.us/images/1696575-ZHYBSX1.jpg,http://sadpanda.us/images/1696577-6N0CJYS.jpg,http://sadpanda.us/images/1696568-O4XU2ZT.jpg,http://sadpanda.us/images/1696569-22TPS1L.jpg@#@xfplay://dna=Bem4DGe0DZLXmxfbDGLXBdm3AwfgEwyeEwm1mwxWDwe5Adm3mHDYmt|dx=344544601|mz=82.rmvb|zx=nhE0pdOVl3P5mF5xqzD5Ac5wo206BGa4mc94MzXPozS@#@5783C97D9D799899ADDDB9FF79FFD6CE@#@1628@#@1445091220745
德川性爱禁止令:色情大名(修复版) 【中文字幕】@#@qvod@#@9@#@经典三级@#@http://img.sejiazu.com:3027/Uploads/vod/2013-10-11/f3343b10-0a5b-47d1-99de-91c466d514b7.jpg@#@@#@http://zy2.pililu.com:8032/341267933/7EBB629B54F26E8816EEDA707388CDD9C32E8031/20131011a_德川性愛禁止令色情大名(修復版) [中文字幕].rmvb@#@E927A4926491F42D4AAB688A15C9488D@#@1629@#@1445091233852
德川性爱禁止令:色情大名(修复版) 【中文字幕】@#@xfplay@#@9@#@经典三级@#@http://img.sejiazu.com:3027/Uploads/vod/2013-10-11/f3343b10-0a5b-47d1-99de-91c466d514b7.jpg@#@@#@xfplay://dna=mxMfmxAcAeL2BGqcAZbem0e2m0MemwjfEGHXDHmYAee1Aem5meHXDD|dx=341267933|mz=德川性愛禁止令色情大名(修復版) [中文字幕].rmvb|zx=nhE0pdOVl3P5mv5xqzD5Ac5wo206BGa4mc94MzXPozS@#@A1745CF59DD24D8BF3D9F0834AD9E035@#@1629@#@1445091233852
山鹰之歌 高清完整版  中文字幕@#@qvod@#@9@#@经典三级@#@http://img.sejiazu.com:3027/Uploads/vod/2013-08-26/0b71d465-3a2c-491a-8315-56049aa0dc99.jpg@#@@#@http://zy1.pililu.com:8032/465475977/4D8E5159090C2A80603188A2E2B59CBA44748137/20130826_山鷹之歌.rmvb@#@C58A983D0EFC0C79E22FF3738326A205@#@1630@#@1445091253920
山鹰之歌 高清完整版  中文字幕@#@xfplay@#@9@#@经典三级@#@http://img.sejiazu.com:3027/Uploads/vod/2013-08-26/0b71d465-3a2c-491a-8315-56049aa0dc99.jpg@#@@#@xfplay://dna=Adt4BefeD0i3BHmXBem1DGeZEwLXEGAdmemXA0MgmZp1DGqdmemXAt|dx=465475977|mz=山鷹之歌.rmvb|zx=nhE0pdOVl3P5mF5xqzD5Ac5wo206BGa4mc94MzXPozS@#@7BB91917EE093185F81FDE31DD6D572D@#@1630@#@1445091253920
巨乳娘大战僵尸苍井空主演(中文字幕）@#@qvod@#@9@#@经典三级@#@http://img.sejiazu.com:3027/Uploads/vod/2013-08-09/5a379ac1-5113-4c3a-925e-4595f3c0d343.jpg@#@http://www.freespace.com.au/imagehosting/images/4693328503664096.jpg@#@http://zy1.pililu.com:8032/351380797/50625DCA271711E578CDF20A74A0DA323CE76294/20130809a_71.rmvb@#@A500FECDBAAE22CF25304A1E52B94B60@#@1631@#@1445091257406
巨乳娘大战僵尸苍井空主演(中文字幕）@#@xfplay@#@9@#@经典三级@#@http://img.sejiazu.com:3027/Uploads/vod/2013-08-09/5a379ac1-5113-4c3a-925e-4595f3c0d343.jpg@#@http://www.freespace.com.au/imagehosting/images/4693328503664096.jpg@#@xfplay://dna=AZm1mei0EHD5EejbmxAcmZiYmeIfDwMdm0feAejcmHAbDwIbD0i1mD|dx=351380797|mz=71.rmvb|zx=nhE0pdOVl3P5mF5xqzD5Ac5wo206BGa4mc94MzXPozS@#@26538F65EBA0FE9283287559B392B05A@#@1631@#@1445091257406
爱的色放 (未刪剪版)@#@qvod@#@9@#@经典三级@#@http://img.sejiazu.com:3027/Uploads/vod/2013-08-02/ed8fc623-f8ef-4d31-9a1d-f80b3fab3147.jpg@#@http://sadpanda.us/images/1717445-6FKXI2N.jpg,http://sadpanda.us/images/1717449-6DOF51F.jpg@#@http://zy1.pililu.com:8032/460573584/A38AFB0EBA53BA3915EEB2AA275353403548E888/20130802_185.rmvb@#@F0752EA222383BC2E0563A401FB2EADB@#@1632@#@1445091266210
爱的色放 (未刪剪版)@#@xfplay@#@9@#@经典三级@#@http://img.sejiazu.com:3027/Uploads/vod/2013-08-02/ed8fc623-f8ef-4d31-9a1d-f80b3fab3147.jpg@#@http://sadpanda.us/images/1717445-6FKXI2N.jpg,http://sadpanda.us/images/1717449-6DOF51F.jpg@#@xfplay://dna=BGD4mHL5AwDWDHe2mZm3DHL5Adt2DwjdEwx5DZmYDGucBGa0EeH2Ba|dx=460573584|mz=185.rmvb|zx=nhE0pdOVl3P5mF5xqzD5Ac5wo206BGa4mc94MzXPozS@#@70E09C73D0AE97D262A2F69E8F4F85E3@#@1632@#@1445091266211
屋根里的散步者 （中文字幕）@#@qvod@#@9@#@经典三级@#@http://img.sejiazu.com:3027/Uploads/vod/2013-07-23/7cb72f71-749b-4842-a9fd-4686820c0ef8.jpg@#@http://sadpanda.us/images/1674477-1IB1MRP.jpg,http://sadpanda.us/images/1674480-CA3882Q.jpg@#@http://zy1.pililu.com:8032/338207851/5EB74D99F5FDF82B72C3D487B171EF1862FEFEC2/20130723_103.rmvb@#@A9DF555624B151E133960B46BE0B79DD@#@1633@#@1445091277368
屋根里的散步者 （中文字幕）@#@xfplay@#@9@#@经典三级@#@http://img.sejiazu.com:3027/Uploads/vod/2013-07-23/7cb72f71-749b-4842-a9fd-4686820c0ef8.jpg@#@http://sadpanda.us/images/1674477-1IB1MRP.jpg,http://sadpanda.us/images/1674480-CA3882Q.jpg@#@xfplay://dna=AxMgDGx1AeiYEGm4AxMgEwm3mGjbAZp2Aducmdp3EdaXAZL4EwAgDW|dx=338207851|mz=103.rmvb|zx=nhE0pdOVl3P5mF5xqzD5Ac5wo206BGa4mc94MzXPozS@#@747C2169557F06D0ADAC51AD5DBAA6EC@#@1633@#@1445091277368
亚马逊的眼泪  （中文字幕）@#@qvod@#@9@#@经典三级@#@http://img.sejiazu.com:3027/Uploads/vod/2013-07-20/33cc99eb-d2aa-4f05-9a40-f20d64ab63d1.jpg@#@http://sadpanda.us/images/1663642-5GHQCRF.jpg,http://sadpanda.us/images/1663658-CMK3TFU.jpg@#@http://zy1.pililu.com:8032/611805027/3405E4F080C89E35F520BEC718C28602DD399268/20130720a_196.rmvb@#@36C37A327BD4F4F3BCAD783E4C85B5B8@#@1634@#@1445091289968
亚马逊的眼泪  （中文字幕）@#@xfplay@#@9@#@经典三级@#@http://img.sejiazu.com:3027/Uploads/vod/2013-07-20/33cc99eb-d2aa-4f05-9a40-f20d64ab63d1.jpg@#@http://sadpanda.us/images/1663642-5GHQCRF.jpg,http://sadpanda.us/images/1663658-CMK3TFU.jpg@#@xfplay://dna=BdL5AGbfm0iWmGa4BGtZmGm4mwxYEde1mHi2EGqgEHMdBGDZmxmYma|dx=611805027|mz=196.rmvb|zx=nhE0pdOVl3P5mF5xqzD5Ac5wo206BGa4mc94MzXPozS@#@CBD3379912CF11858580D6EBA9034D4A@#@1634@#@1445091289969
美人图 高清版（中文字幕）@#@qvod@#@9@#@经典三级@#@http://img.sejiazu.com:3027/Uploads/vod/2013-07-18/d6273e7e-5828-43ab-a282-7ddbe5466e5d.jpg@#@http://sadpanda.us/images/1652285-Q3OFCBD.jpg,http://sadpanda.us/images/1652288-I3RFA7L.jpg@#@http://zy1.pililu.com:8032/515542815/3D5259EC4700A839257BD1383172675719F4FC7C/20130717_148.rmvb@#@81ECB54580D1DAA74F34EBE7C468C15A@#@1635@#@1445091303894
美人图 高清版（中文字幕）@#@xfplay@#@9@#@经典三级@#@http://img.sejiazu.com:3027/Uploads/vod/2013-07-18/d6273e7e-5828-43ab-a282-7ddbe5466e5d.jpg@#@http://sadpanda.us/images/1652285-Q3OFCBD.jpg,http://sadpanda.us/images/1652288-I3RFA7L.jpg@#@xfplay://dna=DGxZmejdDGe1DZx0AHHWDGx4AwjbDZa4Dwa3memWEdqfmdqdEwp4ma|dx=515542815|mz=148.rmvb|zx=nhE0pdOVl3P5mF5xqzD5Ac5wo206BGa4mc94MzXPozS@#@C030FEC80C5D434CE038D177C3C2B6E7@#@1635@#@1445091303894
白日梦 (粉红色电影典藏版) (中文字幕)@#@qvod@#@9@#@经典三级@#@http://img.sejiazu.com:3027/Uploads/vod/2013-07-17/0936aace-0b6e-4f3b-a70d-def55f3703f0.jpg@#@@#@http://zy1.pililu.com:8032/505298027/4DA34B8F084F30A9E84F9BB70901D3A48BE3BC63/20130716_55.rmvb@#@AB434D42BC0603D3C0EF340605678960@#@1636@#@1445091313302
白日梦 (粉红色电影典藏版) (中文字幕)@#@xfplay@#@9@#@经典三级@#@http://img.sejiazu.com:3027/Uploads/vod/2013-07-17/0936aace-0b6e-4f3b-a70d-def55f3703f0.jpg@#@@#@xfplay://dna=Adyemwx5AwpYDxmZmee2EGaZmeiZBde2mZbdmGx2DGudAdHZAZqcED|dx=505298027|mz=55.rmvb|zx=nhE0pdOVl3P5mF5xqzD5Ac5wo206BGa4mc94MzXPozS@#@C05CE230EECFC73A2A310AA6FC8FD8C4@#@1636@#@1445091313302
床 BED (未刪剪版) 中文字幕@#@qvod@#@9@#@经典三级@#@http://img.sejiazu.com:3027/Uploads/vod/2013-07-17/fe3ac1f1-adb6-41ae-871c-b107f032d54e.jpg@#@http://sadpanda.us/images/1640107-96EMX4X.jpg,http://sadpanda.us/images/1640108-KWTS94G.jpg@#@http://zy1.pililu.com:8032/389350903/1CABE7EA264D7A2C36B4DA59EB20A6DF7F51FF2B/20130716_69.rmvb@#@F777E9436DB33742F079E97F348CCD31@#@1637@#@1445091320994
床 BED (未刪剪版) 中文字幕@#@xfplay@#@9@#@经典三级@#@http://img.sejiazu.com:3027/Uploads/vod/2013-07-17/fe3ac1f1-adb6-41ae-871c-b107f032d54e.jpg@#@http://sadpanda.us/images/1640107-96EMX4X.jpg,http://sadpanda.us/images/1640108-KWTS94G.jpg@#@xfplay://dna=EHjdmxmXDHmYmGyfmeIgDHjfExAcDxAbDZLWAHD1AdiYDZm2EwaYED|dx=389350903|mz=69.rmvb|zx=nhE0pdOVl3P5mF5xqzD5Ac5wo206BGa4mc94MzXPozS@#@BC3278C379F41165E657E9C65E747D02@#@1637@#@1445091320994
变态家族兄长的新娘@#@qvod@#@9@#@经典三级@#@http://img.sejiazu.com:3027/Uploads/vod/2013-03-31/b2941a80-48fe-42d6-a85b-069ce8ade683.jpg@#@http://106.imagebam.com/download/EMhzogLa_B3O_yw7xu93Dg/22311/223108418/2.jpg@#@http://zy1.pililu.com:8032/273813073/808A57E4087F01F891456D06D3FE6FDE92A4B998/20130329_变态家族兄长的新娘.rmvb@#@320D9F36BE4E91BB4CE3863D70361AE7@#@1638@#@1445091327649
泪壶@#@qvod@#@9@#@经典三级@#@http://img.sejiazu.com:3027/Uploads/vod/2013-03-31/a854b546-2c6d-4930-84dd-021607656e66.jpg@#@http://picturestack.com/81/346/E9Yaa06ab2.jpg,http://picturestack.com/81/492/s9Kaa12CAH.jpg@#@http://zy1.pililu.com:8032/510631936/DDF54FE8AFDFEE70DC387A2E471F5FF9C4C55FC5/20130329_泪壶.rmvb@#@C1F1C949E3F40E6665CF2BA8F9ABF5D4@#@1639@#@1445091336764
女人的呼吸@#@qvod@#@9@#@经典三级@#@http://img.sejiazu.com:3027/Uploads/vod/2013-03-31/2cd04009-9d01-4659-9ad2-6088131b931d.jpg@#@http://103.imagebam.com/download/Z_XswroCUb1AEgUjjF4BnQ/21988/219875301/20.1.jpg,http://105.imagebam.com/download/3EsZbQNkGqVTwipNXdnYSw/21988/219875304/20.2.jpg@#@http://zy1.pililu.com:8032/267372961/EE82C32839C4B87D206ACBADFE3500B8765D7F2E/20130329_女人的呼吸.rmvb@#@6E915E5BF750E1BD1FEECAB7E3ABA507@#@1640@#@1445091340826
色欲迷墙@#@qvod@#@9@#@经典三级@#@http://img.sejiazu.com:3027/Uploads/vod/2013-03-31/74bef721-d66d-43e3-985e-bfe18d75f8e3.jpg@#@http://105.imagebam.com/download/3O7r8T9xMKNPu6vLo69jeg/21988/219875249/15.2.jpg,http://101.imagebam.com/download/8SjD5UD_luDaVeRuOI3cWw/21988/219875254/15.4.jpg,http://105.imagebam.com/download/1JApoCxX_dbob5M6q0sDSA/21988/219875261/15.6.jpg,http://106.imagebam.com/download/Qs-5lvuEKeYErxdbWDk4LA/21988/219875263/15.7.jpg,http://103.imagebam.com/download/ES_paCGzae9DTnwjjdJ2Xg/21988/219875266/15.8.jpg@#@http://zy1.pililu.com:8032/1088670576/FF9A619586027CE24C3C72DE8B81485D9F18E28E/20130329_色欲迷墙.rmvb@#@F3000DA4D22A58DB5CCFA7FD4085EDC8@#@1641@#@1445091351509
诱惑韩语学校@#@qvod@#@9@#@经典三级@#@http://img.sejiazu.com:3027/Uploads/vod/2013-03-31/4cacc87a-3ab5-4f17-b254-d270073794f7.jpg@#@http://i.imgur.com/gOpeB.jpg@#@http://zy1.pililu.com:8032/592983181/9CF5463FE4819D5E69061018EC084D101D7C1F17/20130329_诱惑韩语学校.rmvb@#@B156A77AA9CB12FC90DD0A7CED12029F@#@1642@#@1445091363799
AV明星绑架案事件@#@qvod@#@9@#@经典三级@#@http://img.sejiazu.com:3027/Uploads/vod/2013-03-31/b5d2040b-5fd8-4571-bf4d-ee860e055635.jpg@#@http://s4.snapgram.co/images/2012/12/01/Xf7Kd.jpg,http://s4.snapgram.co/images/2012/12/01/ewGH.jpg,http://s4.snapgram.co/images/2012/12/01/1PC6h.jpg,http://s4.snapgram.co/images/2012/12/01/6PwYt.jpg,http://s4.snapgram.co/images/2012/12/01/zSKtW.jpg,http://s4.snapgram.co/images/2012/12/01/DvbzX.jpg@#@http://zy1.pililu.com:8032/295456154/8346A1BBC8F8966613DDC0A5DEDB41D9AA505E09/20130329_AV明星绑架案事件.rmvb@#@CBBEC062BC955E9F37C8AA7644122DDC@#@1643@#@1445091369940
空气人偶充气娃娃@#@qvod@#@9@#@经典三级@#@http://img.sejiazu.com:3027/Uploads/vod/2013-03-31/0f057333-8ea3-4eef-9164-102eaf193d5c.jpg@#@http://s14.directupload.net/images/121121/extasjjj.jpg,http://s1.directupload.net/images/121129/5gjsxu2c.jpg,http://s14.directupload.net/images/121129/6lpzrjfs.jpg,http://s1.directupload.net/images/121129/ccb3naup.jpg@#@http://zy1.pililu.com:8032/513140385/CB4A8211734EF5E2CA618253A12DECDA050BEE07/20130329_空气人偶充气娃娃.rmvb@#@DA1925C779EDA5C3357DEAD739A811F5@#@1644@#@1445091375882
爱的亡灵@#@qvod@#@9@#@经典三级@#@http://img.sejiazu.com:3027/Uploads/vod/2013-03-31/890cb004-b279-4e14-8fc4-a52ddb9f13b2.jpg@#@http://img3.douban.com/view/photo/photo/public/p1738363084.jpg@#@http://zy1.pililu.com:8032/472191634/1C9CF7ED6A3A7E3BFB065BB3C6B1EE2F7F9D3426/20130329_爱的亡灵.rmvb@#@8F30BE9AB96F4F377D558CDEC1EDBE88@#@1645@#@1445091383767
团鬼六红姉妹@#@qvod@#@9@#@经典三级@#@http://img.sejiazu.com:3027/Uploads/vod/2013-02-28/59ecaaae-106b-4ec4-a4fe-3795918366b5.jpg@#@http://sadpanda.us/images/1248269-S45Y29K.jpg,http://sadpanda.us/images/1248273-GAZHCKO.jpg@#@http://zy1.pililu.com:8032/397922392/2249A45533B57192E983CABC474E1F8B8909E1CB/20130225_團鬼六紅姉妹[日本三級].rmvb@#@89A12FB9AE66C37EACE0CEA0D4F01C38@#@1646@#@1445091399849
团鬼六红姉妹@#@xfplay@#@9@#@经典三级@#@http://img.sejiazu.com:3027/Uploads/vod/2013-02-28/59ecaaae-106b-4ec4-a4fe-3795918366b5.jpg@#@http://sadpanda.us/images/1248269-S45Y29K.jpg,http://sadpanda.us/images/1248273-GAZHCKO.jpg@#@xfplay://dna=BGLWAwD2Edi1Eei1ExIfEdDWDZbfAdi2AHDWBdmWAxMfEHmXBdqdDW|dx=397922392|mz=團鬼六紅姉妹[日本三級].rmvb|zx=nhE0pdOVl3P5mF5xqzD5Ac5wo206BGa4mc94MzXPozS@#@1673DBC6B2474D26C1BD9ACDC3B2DB4C@#@1646@#@1445091399849
美国 四级 黑暗的天使2 中文字幕@#@xfplay@#@9@#@经典三级@#@http://img.sejiazu.com:3027/Uploads/vod/2014-05-31/1c727d48-20ff-4d54-b8e5-f132fff8bc4e.jpg@#@@#@xfplay://dna=AwL5AxiXD0jdBdHWmwugDwp3AHAgDZeXAdIgAZD0AwEdDZL2mHi0AW|dx=501076222|mz=黑暗的天使 DARK ANGELS 2 [中文字幕].rmvb|zx=nhE0pdOVl3A1LweUMhMxBGDUL29TBwxWBdaVrgMSnJ5R@#@8DCE65876783EB274F6D6C29767C84C1@#@1744@#@1445096335416
我操了你妈 (一刀未剪) 中文字幕@#@qvod@#@9@#@经典三级@#@http://img.sejiazu.com:3027/Uploads/vod/2014-04-18/d8005ad1-2e99-4f57-b859-8df9268f53b5.jpg@#@@#@http://zy3.pililu.com:8032/485721632/F43F1B3661C897CD4AEBBFB7C1B4E60CCF36A471/201404093w_我操了你媽 (一刀未剪) [中文字幕].rmvb@#@B79986218EE12899B8A584B91007E6EF@#@1745@#@1445096338701
我操了你妈 (一刀未剪) 中文字幕@#@xfplay@#@9@#@经典三级@#@http://img.sejiazu.com:3027/Uploads/vod/2014-04-18/d8005ad1-2e99-4f57-b859-8df9268f53b5.jpg@#@@#@xfplay://dna=m0ffDwm4mGHXmGa0mwffmwD3Adi3mGe2AGbgEemZAwa0D0L5AdL5DD|dx=485721632|mz=我操了你媽 (一刀未剪) [中文字幕].rmvb|zx=nhE0pdOVl3A1LweUMhMxBGDUL29TBwxWBdaVrgMSnJ5R@#@0E38DC152DB8B189F876F90760BBD2B4@#@1745@#@1445096338702
意大利 三级  处女地 Virgin Territory 中文字幕@#@qvod@#@9@#@经典三级@#@/pic/nopic.gif@#@@#@http://zy3.pililu.com:8032/443736086/BE7697ECAB1B5C61EE22AC4F7623F7FCC600ADB4/ym201403131w_處女地 Virgin Territory [中文字幕].rmvb@#@CE117F9BA8630591485B650992CB7FFB@#@1746@#@1445096351123
意大利 三级  处女地 Virgin Territory 中文字幕@#@xfplay@#@9@#@经典三级@#@/pic/nopic.gif@#@@#@xfplay://dna=DHL3BGiWDGa4AeeZDwMcDwbfEde1AxH2m0MemxHWBda1Ewx1AGDXma|dx=443736086|mz=處女地 Virgin Territory [中文字幕].rmvb|zx=nhE0pdOVl3A1LweUMhMxBGDUL29TBwxWBdaVrgMSnJ5R@#@780294475FDCF7637806BDFD24F8C992@#@1746@#@1445096351125
性幻想狂@#@qvod@#@9@#@经典三级@#@http://img.sejiazu.com:3027/Uploads/vod/2013-12-29/4648db8a-55b8-401b-b24d-18143c58a504.jpg@#@@#@http://zy3.pililu.com:8032/386648140/87D9558F9D7A640B7C086BFAC063986A40D2D054/wm20131226_性幻想狂 (一刀未剪) [中文字幕].rmvb@#@3D1D6D6CEF2E142BF1B488E6776571F0@#@1747@#@1445096362770
性幻想狂@#@xfplay@#@9@#@经典三级@#@http://img.sejiazu.com:3027/Uploads/vod/2013-12-29/4648db8a-55b8-401b-b24d-18143c58a504.jpg@#@@#@xfplay://dna=EeDYA0e1Awp2ExH4AwfdAwjcBdEeBdueDHm1mwHZm0H1mwmWDHMema|dx=386648140|mz=性幻想狂 (一刀未剪) [中文字幕].rmvb|zx=nhE0pdOVl3A1LweUMhMxBGDUL29TBwxWBdaVrgMSnJ5R@#@EEFB1B08F8DEC4E36E472435796C9535@#@1747@#@1445096362772
阿根廷/三级  宝宝鱼 (一刀未剪) 【中文字幕】@#@qvod@#@9@#@经典三级@#@http://img.sejiazu.com:3027/Uploads/vod/2013-11-23/0132dacc-d0fe-485a-a1ef-01a167e9cb08.jpg@#@@#@http://zy2.pililu.com:8032/350594203/F5751C3C87527F6A4BA274A681EB2906D68D9776/20131012b_寶寶魚 (一刀未剪) [中文字幕].rmvb@#@47FD39DA9D39B5C3381B408917BBA8A1@#@1748@#@1445096367117
阿根廷/三级  宝宝鱼 (一刀未剪) 【中文字幕】@#@xfplay@#@9@#@经典三级@#@http://img.sejiazu.com:3027/Uploads/vod/2013-11-23/0132dacc-d0fe-485a-a1ef-01a167e9cb08.jpg@#@@#@xfplay://dna=mZt3Ewm2mdfbEeEdmZfgmdEemGfgAdp5Eda0mZIeAZH5AdqfBeLYmD|dx=350594203|mz=寶寶魚 (一刀未剪) [中文字幕].rmvb|zx=nhE0pdOVl3P5mv5xqzD5Ac5wo206BGa4mc94MzXPozS@#@207E0C56DDCC2BFA3A62360F1FFC016A@#@1748@#@1445096367118
【克罗地亚/三级】 情欲七部曲(未删剪版) 【中文字幕】@#@qvod@#@9@#@经典三级@#@http://img.sejiazu.com:3027/Uploads/vod/2013-09-14/99762b71-5d48-42b3-b77b-d7ff9b1306c9.jpg@#@@#@http://zy1.pililu.com:8032/409854250/82DD7345018D36CD617262661CD67DAB8D05B928/20130916a_情慾七部曲(未刪剪版) [中文字幕].rmvb@#@6B02E123C6A5504FE1322574990DEF08@#@1749@#@1445096394825
私恶公善(一刀未剪) 【中文字幕】@#@qvod@#@9@#@经典三级@#@http://img.sejiazu.com:3027/Uploads/vod/2013-08-09/82676d1c-7423-41d7-9920-5721de600e6b.jpg@#@http://sadpanda.us/images/1771512-655RF5Y.jpg,http://sadpanda.us/images/1771516-NRAA7GV.jpg@#@http://zy1.pililu.com:8032/550827163/080D3E79F0D51C25916289D7970C55A838013D13/20130809a_42.rmvb@#@4D10C66EF3B623C7B83F1B063B9518FB@#@1750@#@1445096398918
私恶公善(一刀未剪) 【中文字幕】@#@xfplay@#@9@#@经典三级@#@http://img.sejiazu.com:3027/Uploads/vod/2013-08-09/82676d1c-7423-41d7-9920-5721de600e6b.jpg@#@http://sadpanda.us/images/1771512-655RF5Y.jpg,http://sadpanda.us/images/1771516-NRAA7GV.jpg@#@xfplay://dna=Ewe1m0i3BefemeHXAdt2Dwm3DGbeEHEgmxmZAwIfBGa4DZeXAHmZmD|dx=550827163|mz=42.rmvb|zx=nhE0pdOVl3P5mF5xqzD5Ac5wo206BGa4mc94MzXPozS@#@0A22AC6465B10E16FEFBB1C32BC26216@#@1750@#@1445096398929
鸡巴挑逗2【中文字幕】@#@qvod@#@9@#@经典三级@#@http://img.sejiazu.com:3027/Uploads/vod/2013-08-06/4b870074-b0fc-4975-86b3-56ab9577805a.jpg@#@http://sadpanda.us/images/1741497-IUU94RH.jpg,http://sadpanda.us/images/1741498-CV8X7V9.jpg@#@http://zy1.pililu.com:8032/1100457603/87AEC0583472B5DFE1C84EB7DE7ADE096FA2C439/20130806_130.rmvb@#@644207EF75E2B2E3FB8DFF1AE60D5468@#@1751@#@1445096405414
鸡巴挑逗2【中文字幕】@#@xfplay@#@9@#@经典三级@#@http://img.sejiazu.com:3027/Uploads/vod/2013-08-06/4b870074-b0fc-4975-86b3-56ab9577805a.jpg@#@http://sadpanda.us/images/1741497-IUU94RH.jpg,http://sadpanda.us/images/1741498-CV8X7V9.jpg@#@xfplay://dna=mwjeA0H2Awa4EdfcmZt0meEbAwDWmdi1BdjdmdMgmZEcDwx0BeMgAt|dx=1100457603|mz=130.rmvb|zx=nhE0pdOVl3P5mF5xqzD5Ac5wo206BGa4mc94MzXPozS@#@29DB614C2386893B3B00A6229B6D9C56@#@1751@#@1445096405414
私隐欲望@#@qvod@#@9@#@经典三级@#@http://img.sejiazu.com:3027/Uploads/vod/2013-03-31/e4526fbb-5628-496b-b332-ee136a2e5ac0.jpg@#@http://picturestack.com/513/214/mztaa02lY3.jpg,http://picturestack.com/513/214/Uz6aa03kub.jpg@#@http://zy1.pililu.com:8032/393458252/41AB80DA2FFCD38C6D849AD6E28546B3320A7578/20130329_私隐欲望(一刀未剪).rmvb@#@8DEE6A5297AE793E42AB577464E5DC3F@#@1752@#@1445096410411
四个情人@#@qvod@#@9@#@经典三级@#@http://img.sejiazu.com:3027/Uploads/vod/2013-03-31/661fe64c-25a1-4ac6-9f8a-0ff54887adee.jpg@#@http://picturestack.com/509/169/61haa05zIc.jpg,http://picturestack.com/509/169/Nm3aa06O28.jpg,http://picturestack.com/509/170/aMUaa07nPN.jpg,http://picturestack.com/509/170/NUBaa08UbH.jpg@#@http://zy1.pililu.com:8032/466847897/D3A9532F30F44955140AB80980E97A6731227A60/20130329_四个情人.rmvb@#@C61323901549BAA0F07D967F7CA2FB6E@#@1753@#@1445096413658
爱与激情@#@qvod@#@9@#@经典三级@#@http://img.sejiazu.com:3027/Uploads/vod/2013-03-31/e4709d4a-04d3-47fa-b1a4-e6bdbac45fd2.jpg@#@http://s4.snapgram.co/images/2012/12/02/4NYK.jpg@#@http://zy1.pililu.com:8032/431000624/03A319DEB843DCEF92C7C9CEC733D831944A3F60/20130329_爱与激情.rmvb@#@EC510AA9497670B838F43E7ED3A548EA@#@1754@#@1445096463705
安静的婚礼@#@qvod@#@9@#@经典三级@#@http://img.sejiazu.com:3027/Uploads/vod/2013-03-31/505cf2ed-b26a-49c9-ac60-58ed0b89331a.jpg@#@http://s4.snapgram.co/images/2012/12/01/sCYD4.jpg,http://s4.snapgram.co/images/2012/12/01/iDwvP.jpg,http://s4.snapgram.co/images/2012/12/01/62gp.jpg,http://s4.snapgram.co/images/2012/12/01/7l8PB.jpg,http://s4.snapgram.co/images/2012/12/01/1FCtm.jpg@#@http://zy1.pililu.com:8032/383388108/00220828861A9B060839E66354D843E848A0D5A9/20130329_安静的婚礼.rmvb@#@09721E1206F0EE20FFED577941E7FF4F@#@1755@#@1445096467143
迷人的家教@#@qvod@#@9@#@经典三级@#@http://img.sejiazu.com:3027/Uploads/vod/2013-02-28/3013c373-2e53-4c7c-9a9a-85c074dc55de.jpg@#@http://sadpanda.us/images/1250681-EY0E3QA.jpg,http://sadpanda.us/images/1250693-UPRZHKB.jpg@#@http://zy1.pililu.com:8032/348039948/D2B5C58E90CEB4016F705ECAC9C7BA6E93E2D1EE/20130225_迷人的家教[韓國三級].rmvb@#@80C363422DD107188DF91958589A30D7@#@1756@#@1445096472368
迷人的家教@#@xfplay@#@9@#@经典三级@#@http://img.sejiazu.com:3027/Uploads/vod/2013-02-28/3013c373-2e53-4c7c-9a9a-85c074dc55de.jpg@#@http://sadpanda.us/images/1250681-EY0E3QA.jpg,http://sadpanda.us/images/1250693-UPRZHKB.jpg@#@xfplay://dna=AZqgEwt1AwD3DHLYmdx2AZbeAZEcmxIeDGD0mdfcA0jgAGHXDHEbAa|dx=348039948|mz=迷人的家教[韓國三級].rmvb|zx=nhE0pdOVl3P5mF5xqzD5Ac5wo206BGa4mc94MzXPozS@#@29D370D071E928EAF8354BE8D3A18D88@#@1756@#@1445096472373
哈利波特 中文字幕@#@xfplay@#@9@#@经典三级@#@http://img.sejiazu.com:3027/Uploads/vod/2014-06-06/934a2968-b332-487c-b75c-4312b08399e2.jpg@#@@#@xfplay://dna=EwAdmwuemxiYmdDWmGLZAwAdEeHZDGpXAwiYmHfcmZx5DwbdDZmWAD|dx=562328086|mz=哈利波特 (Adult Movie) [中文字幕].rmvb|zx=nhE0pdOVl3P5AF5xqzD5Ac5wo206BGa4mc94MzXPozS@#@DC552EF7B5FCF654A594771EF708DBA1@#@2618@#@1445130282471
下女 (高清激情版) 【中文字幕】@#@qvod@#@9@#@经典三级@#@http://tupian.sesepu.com:8032/uploadimg/uploads/vod/2013-09-22/6721b570-14b2-4f9b-80b2-54156cc7bb4b.jpg@#@@#@http://zy2.qq7171.com:8032/410759501/64F9BAF1262DD48D9CEE3EF52E34EDEC0B85B99B/20130921_下女 (高清激情版) [中文字幕].rmvb@#@EF3D502151925520DDCCFAE2D7C04C02@#@3152@#@1445132024920
下女 (高清激情版) 【中文字幕】@#@xfplay@#@9@#@经典三级@#@http://tupian.sesepu.com:8032/uploadimg/uploads/vod/2013-09-22/6721b570-14b2-4f9b-80b2-54156cc7bb4b.jpg@#@@#@xfplay://dna=mHi2AwqcBHe2mwygD0IbAxH0A0femxEdEda0AZqfAxfdAGyfA0D0ED|dx=410759501|mz=下女 (高清激情版) [中文字幕].rmvb|zx=nhE0pdOVl3P5mv5uLKP5rv5wo206BGa4mc94MzXPozS@#@6EEE1BCF737972F5315917B9799BC406@#@3152@#@1445132024922
意大利三级 处女地@#@qvod@#@9@#@经典三级@#@http://tupian.sesepu.com:8032/uploadimg/uploads/vod/2014-01-16/e9e33c91-258d-4e80-8673-0c277c51dffe.jpg@#@@#@http://zy3.qq7171.com:8032/442324195/0068BC1E22FB977D3BB24A5747F1407CE855EDC4/20131228x_處女地 Virgin Territory [中文字幕].rmvb@#@0D55D84F1079FCF76FB66A3AA42794EC@#@3153@#@1445132031369
意大利三级 处女地@#@xfplay@#@9@#@经典三级@#@http://tupian.sesepu.com:8032/uploadimg/uploads/vod/2014-01-16/e9e33c91-258d-4e80-8673-0c277c51dffe.jpg@#@@#@xfplay://dna=Edi0Adp2AdD4mwx2AwiYmGm1mwygD0H2AHm3AwugBdfgmdaZm0MeAa|dx=442324195|mz=處女地 Virgin Territory [中文字幕].rmvb|zx=nhE0pdOVl3P5mY5uLKP5rv5wo206BGa4mc94MzXPozS@#@56723E7ACDDEC69FCDE1E967D0FF69EA@#@3153@#@1445132031369
美国三级 镜中佳人@#@qvod@#@9@#@经典三级@#@http://tupian.sesepu.com:8032/uploadimg/uploads/vod/2014-02-14/64956803-d9f8-4ac5-968e-5acf32b7c8b7.jpg@#@@#@http://zy3.qq7171.com:8032/409365758/EC335DBFF0FF3F67E969142080E442CD08D6BEE7/20140109x_鏡中佳人 Mirror Images [中文字幕].rmvb@#@E5B7920A43D7D3C289B437EFA8F3CF2B@#@3154@#@1445132037614
美国三级 镜中佳人@#@xfplay@#@9@#@经典三级@#@http://tupian.sesepu.com:8032/uploadimg/uploads/vod/2014-02-14/64956803-d9f8-4ac5-968e-5acf32b7c8b7.jpg@#@@#@xfplay://dna=mejgm0i0mdpZmwMcAZfcAZaWAdpYAwm5Edm1EducEGAdmZm4AZAcAt|dx=409365758|mz=鏡中佳人 Mirror Images [中文字幕].rmvb|zx=nhE0pdOVl3P5mY5uLKP5rv5wo206BGa4mc94MzXPozS@#@ABF0304C85A0FB8BF4577A5A8262A9BD@#@3154@#@1445132037615
韩国三级 美丽 Beautiful 高清版@#@qvod@#@9@#@经典三级@#@http://tupian.sesepu.com:8032/uploadimg/uploads/vod/2014-02-14/f3e4321f-d85f-4147-9ea1-071b01cf8d43.jpg@#@@#@http://zy3.qq7171.com:8032/386850312/CE9E90101340AFFF4395B6928D6EA573809B35F0/20140105x_美麗 Beautiful (高清版) [中文字幕].rmvb@#@A1D957A033B4F13F1216DC05A986A60A@#@3155@#@1445132041301
韩国三级 美丽 Beautiful 高清版@#@xfplay@#@9@#@经典三级@#@http://tupian.sesepu.com:8032/uploadimg/uploads/vod/2014-02-14/f3e4321f-d85f-4147-9ea1-071b01cf8d43.jpg@#@@#@xfplay://dna=AeIbBGjgAGt4AxL1mGD1mdH3BGIfEwe4AeMfAdi0mwjem0eZAwH5BD|dx=386850312|mz=美麗 Beautiful (高清版) [中文字幕].rmvb|zx=nhE0pdOVl3P5mY5uLKP5rv5wo206BGa4mc94MzXPozS@#@38CAAA8189A3779809C4B591D905B5A6@#@3155@#@1445132041301
峡谷深处 (清晰版) 【中文字幕】@#@xfplay@#@9@#@经典三级@#@http://tupian.sesepu.com:8032/uploadimg/uploads/vod/2014-06-06/e2ef6174-8730-4307-83bd-c1f3b38affbc.jpg@#@@#@xfplay://dna=AeAbDGpYDHLYAGAgA0e2DxEdAxMcDGxWDZtZEGIgm0m1mZp5DZIgmD|dx=385450179|mz=峽谷深處 Deep in the Valley (清晰版) [中文字幕].rmvb|zx=nhE0pdOVl3P5AF5uLKP5rv5wo206BGa4mc94MzXPozS@#@9E2E1B6650E4FA2C9E523C9886094772@#@3156@#@1445132049186
齐天大性之大闹女儿国@#@qvod@#@9@#@经典三级@#@http://tupian.sesepu.com:8032/uploadimg/2012-3/177.jpg@#@http://img60.icicq.com/200906/1775220090629004156.jpg,http://img60.icicq.com/200906/2794920090629004156.jpg@#@http://zy.qq7171.com:8032/282092540/FEF2A9FDDF98FBF59623670ED9F136A60CCB8537/齐天大性之大闹女儿国.rmvb@#@AF4864864C30152DC9A4A8BE8EC355A4@#@3335@#@1445132904328
齐天大性之大闹女儿国@#@xfplay@#@9@#@经典三级@#@http://tupian.sesepu.com:8032/uploadimg/2012-3/177.jpg@#@http://img60.icicq.com/200906/1775220090629004156.jpg,http://img60.icicq.com/200906/2794920090629004156.jpg@#@xfplay://dna=mxL3mGIeBdi5mwMeDGIgBHMfEdAdmdL1mZH2mGp3AwAdDGaYmdHXAt|dx=282092540|mz=齐天大性之大闹女儿国.rmvb|zx=nhE0pdOVl3P5lzfurNy6lzAVoGO5mdtWl3uzogyUnW@#@EFED60E9BAACAEB398B3548FFECB3095@#@3335@#@1445132904330
清宮性史1之無能皇帝(海外無碼版)@#@qvod@#@9@#@经典三级@#@http://tupian.sesepu.com:8032/uploadimg/2012-3/114.jpg@#@@#@http://zy.qq7171.com:8032/404089460/2177301DA3EFDF6DF5B8CFAEC9D03EED078D007C/清宮性史1之無能皇帝.rmvb@#@B6AD7CF26484DD3DAADB7DEE1C6694FA@#@3336@#@1445132910885
清宮性史1之無能皇帝(海外無碼版)@#@xfplay@#@9@#@经典三级@#@http://tupian.sesepu.com:8032/uploadimg/2012-3/114.jpg@#@@#@xfplay://dna=BGa3DGMfAdAbmwx0AejcmGD5AeH3BGi0AdeZAGpZDGm4mHEdBeHWEt|dx=404089460|mz=清宮性史1之無能皇帝.rmvb|zx=nhE0pdOVl3P5lzfurNy6lzAVoGO5mdtWl3uzogyUnW@#@7D92B161353C91966CED0E65D0BE5B7B@#@3336@#@1445132910885
康熙淫乱帝国 (国语中字)@#@qvod@#@9@#@经典三级@#@http://tupian.sesepu.com:8032/uploadimg/uploads/vod/2012-05-27/4fc22ff6912d4.jpg@#@http://www.pornimghost.com/fullsize/cj79p2ea94ey22bw1lhg.jpg,http://www.pornimghost.com/fullsize/6gctme3ajeolmbube3nb.jpg,http://www.pornimghost.com/fullsize/o2s1h28juv2jxwcy7a0.jpg@#@http://zy.qq7171.com:8032/1511658408/80E9E98FFCF4BC0BE764C72845A164D00B153310/康熙淫亂帝國.avi@#@7577C4C2CCDFC61AB5AB0B1306373E2A@#@3337@#@1445132916823
康熙淫乱帝国 (国语中字)@#@xfplay@#@9@#@经典三级@#@http://tupian.sesepu.com:8032/uploadimg/uploads/vod/2012-05-27/4fc22ff6912d4.jpg@#@http://www.pornimghost.com/fullsize/cj79p2ea94ey22bw1lhg.jpg,http://www.pornimghost.com/fullsize/6gctme3ajeolmbube3nb.jpg,http://www.pornimghost.com/fullsize/o2s1h28juv2jxwcy7a0.jpg@#@xfplay://dna=BHfcBeL4mZIgEwa4D0iZAGjcBdt2EdL0DGp5AxfeBGt5mdt1AxL3mt|dx=1511658408|mz=康熙淫亂帝國.avi|zx=nhE0pdOVl3P5lzfurNy6lzAVoGO5mdtWl3uzogyUnW@#@E5FA43FC5911F716FBB016E53EEA63D3@#@3337@#@1445132916823
香港奇案之吸血贵利王@#@qvod@#@9@#@经典三级@#@http://tupian.sesepu.com:8032/uploadimg/uploads/vod/2012-05-31/4fc670e328af4.jpg@#@@#@http://zy.qq7171.com:8032/350224654/CD7AE34737A3F52C06D7E692E71365451300197A/香港奇案之吸血貴利王.rmvb@#@A73E152FAF0082F340A65AAACC632C91@#@3338@#@1445132920306
香港奇案之吸血贵利王@#@xfplay@#@9@#@经典三级@#@http://tupian.sesepu.com:8032/uploadimg/uploads/vod/2012-05-31/4fc670e328af4.jpg@#@@#@xfplay://dna=Adt2mHm4EwMcD0DYEGHYmeEgm0fdmZIdmHAcm0m0EwAgAdx0m0m4Ea|dx=350224654|mz=香港奇案之吸血貴利王.rmvb|zx=nhE0pdOVl3P5lzfurNy6lzAVoGO5mdtWl3uzogyUnW@#@E97F995BF1E8B36D487D07ED76C32343@#@3338@#@1445132920306
三姦@#@qvod@#@9@#@经典三级@#@http://tupian.sesepu.com:8032/uploadimg/uploads/vod/2012-06-02/4fc8f9efa0e89.jpg@#@http://fotonons.ru/images/20.10.11/coverxwx.jpg,http://saveimg.ru/pictures/20-10-11/6053ea99c6b7dd6e828456662efab902.jpg@#@http://zy.qq7171.com:8032/337461486/9A2F7196CDF87D08615B07854BED12618718428D/三jian.rmvb@#@85CAB80D0EE813B623859C0B4D78220D@#@3339@#@1445132926757
三姦@#@xfplay@#@9@#@经典三级@#@http://tupian.sesepu.com:8032/uploadimg/uploads/vod/2012-06-02/4fc8f9efa0e89.jpg@#@http://fotonons.ru/images/20.10.11/coverxwx.jpg,http://saveimg.ru/pictures/20-10-11/6053ea99c6b7dd6e828456662efab902.jpg@#@xfplay://dna=EGqdDxIdAGH0BdL1EwH2BGeXmwiWmdpZAdD0EGjcDxjeEee1Bee2mW|dx=337461486|mz=三jian.rmvb|zx=nhE0pdOVl3P5lzfurNy6lzAVoGO5mdtWl3uzogyUnW@#@37EB68DCFEE41C360959C32097D6A5E2@#@3339@#@1445132926757
A版红楼梦@#@qvod@#@9@#@经典三级@#@http://tupian.sesepu.com:8032/uploadimg/uploads/vod/2012-07-03/4ff2edd89fd46.jpg@#@http://vip.hi4sex.com/upload/200912/ed9dbbda59861690ee62a4e29ff2ab01.jpg@#@http://zy1.qq7171.com:8032/236663281/B3E86D39153CBF8020D4994EABA4200E06977B80/703_[A版紅樓夢].文件1.rmvb@#@75AA8E1CD0A7CB87E7332AA7F7A82CB3@#@3340@#@1445132930138
A版红楼梦@#@xfplay@#@9@#@经典三级@#@http://tupian.sesepu.com:8032/uploadimg/uploads/vod/2012-07-03/4ff2edd89fd46.jpg@#@http://vip.hi4sex.com/upload/200912/ed9dbbda59861690ee62a4e29ff2ab01.jpg@#@xfplay://dna=DwD0AHD1mei3BeL5EHm3mdxYm0mZEeH0AwH4AeEeAeMeExjbEwx3BD|dx=236663281|mz=[A版紅樓夢].文件1.rmvb|zx=nhE0pdOVl3P5mF5uLKP5rv5wo206BGa4mc94MzXPozS@#@B4A52955FA2F4A3A2A97612111DDF135@#@3340@#@1445132930138
少女潘金莲@#@qvod@#@9@#@经典三级@#@http://tupian.sesepu.com:8032/uploadimg/uploads/vod/2012-07-04/4ff45c12e28c5.jpg@#@http://vip.hi4sex.com/upload/200912/80bbf27bfca72b67d3a8aa65a59c0c4b.jpg@#@http://zy1.qq7171.com:8032/227039609/0BC051EEFC6017D9E3D24F3085140F57EC3F6626/704_[少女潘金蓮].文件1.rmvb@#@810CBAEFB1E242E89086B7A13745F9E8@#@3341@#@1445132933618
少女潘金莲@#@xfplay@#@9@#@经典三级@#@http://tupian.sesepu.com:8032/uploadimg/uploads/vod/2012-07-04/4ff45c12e28c5.jpg@#@http://vip.hi4sex.com/upload/200912/80bbf27bfca72b67d3a8aa65a59c0c4b.jpg@#@xfplay://dna=DZHXAefeDGIdDwjcAGHYmde0mZe5mGe5EdqeBejemGaWDHIcDZiZAD|dx=227039609|mz=[少女潘金蓮].文件1.rmvb|zx=nhE0pdOVl3P5mF5uLKP5rv5wo206BGa4mc94MzXPozS@#@6CC35987EDC3A46DDCBE571F98A02521@#@3341@#@1445132933619
香港大长今@#@qvod@#@9@#@经典三级@#@http://tupian.sesepu.com:8032/uploadimg/uploads/vod/2012-07-04/4ff45e2c06e6c.jpg@#@http://vip.hi4sex.com/upload/200809/2e4010eaceb031198bdc0bbfca4ff318.jpg@#@http://zy1.qq7171.com:8032/368583698/99B6CB3C20F2E5DC11CCC736DEDEF3B55257B379/704_[香港大長今].文件1.rmvb@#@0D4C49A24EAB171E1EF9D10F35ABB4C8@#@3342@#@1445132938020
香港大长今@#@xfplay@#@9@#@经典三级@#@http://tupian.sesepu.com:8032/uploadimg/uploads/vod/2012-07-04/4ff45e2c06e6c.jpg@#@http://vip.hi4sex.com/upload/200809/2e4010eaceb031198bdc0bbfca4ff318.jpg@#@xfplay://dna=EGbgBGx5mdbdmdxZAZbdAHLWmem4mGe0mGi2Ewi5EGx3AwAbAwt4DD|dx=368583698|mz=[香港大長今].文件1.rmvb|zx=nhE0pdOVl3P5mF5uLKP5rv5wo206BGa4mc94MzXPozS@#@B490F2E827FDA0A87C3B8A789E280259@#@3342@#@1445132938020
花花公子色欲手记@#@qvod@#@9@#@经典三级@#@http://tupian.sesepu.com:8032/uploadimg/uploads/vod/2012-07-04/4ff45eebddad1.jpg@#@http://vip.hi4sex.com/upload/200912/a567c57747cc6a5d423073d5bebb6f4c.jpg@#@http://zy1.qq7171.com:8032/384046259/64DBD67FBB0D6A1FB3B389E134BFC33B01D0AAB0/704_[香港影片~花花公子色慾手記].文件1.rmvb@#@5B7F41A2C7122566F08ABA39AC5333D8@#@3343@#@1445132941606
花花公子色欲手记@#@xfplay@#@9@#@经典三级@#@http://tupian.sesepu.com:8032/uploadimg/uploads/vod/2012-07-04/4ff45eebddad1.jpg@#@http://vip.hi4sex.com/upload/200912/a567c57747cc6a5d423073d5bebb6f4c.jpg@#@xfplay://dna=mHeYmxeZBdL0A0e0BeMeDGMfEHD3DZt3mdp1EeL1AdEemGm0AHiXBa|dx=384046259|mz=[香港影片~花花公子色慾手記].文件1.rmvb|zx=nhE0pdOVl3P5mF5uLKP5rv5wo206BGa4mc94MzXPozS@#@23E0C6B5B47EFDF09600A929897BADD3@#@3343@#@1445132941608
爱妻日记：蹂躏@#@qvod@#@9@#@经典三级@#@http://tupian.sesepu.com:8032/uploadimg/uploads/vod/2012-07-25/50100793896d9.jpg@#@@#@http://zy1.qq7171.com:8032/292904854/7BFBAF327AE4CD95C14D78F53C6984FA3C04F302/724_爱妻日记：蹂躏.The.Diary.Of.Loving.Wife：Saucopet.2010.DVDRiP.X264.AC3.rmvb@#@196CFB2B4B0DC6955C6BD1C475E81F17@#@3344@#@1445132945698
爱妻日记：蹂躏@#@xfplay@#@9@#@经典三级@#@http://tupian.sesepu.com:8032/uploadimg/uploads/vod/2012-07-25/50100793896d9.jpg@#@@#@xfplay://dna=mwD2mwHXmHm1mwi3AHm5AGHXmeMgEGxZBeAbDwD2mdMbDGydEGt3DW|dx=292904854|mz=爱妻日记：蹂躏.The.Diary.Of.Loving.Wife：Saucopet.2010.DVDRiP.X264.AC3.rmvb|zx=nhE0pdOVl3P5mF5uLKP5rv5wo206BGa4mc94MzXPozS@#@319AA1D8D44BB8491DBCB1D123101971@#@3344@#@1445132945698
台湾 三级 聊斋之艳蛇 1999@#@xfplay@#@9@#@经典三级@#@http://tupian.sesepu.com:8032/uploadimg/uploads/vod/2014-09-28/66eeb277-9035-4cd6-be1d-c3a8e2a79326.jpg@#@@#@xfplay://dna=mGDZDxEcEGAbEHffmwD5mxjfDwyemdubmGLZAeLZAdEbD0jemwiXDt|dx=442665923|mz=聊齋之艷蛇(1999).rmvb|zx=nhE0pdOVl3P5AF5uLKP5rv5wo206BGa4mc94MzXPozS|zx=nhE0pdOVl3Ewpc5xqzD4AF5wo206BGa4mc94MzXPozS@#@F4702D3C3A6BC2DD942AF29D55CC95FC@#@3417@#@1445133342306
香港 三级 新素女艳谭 1992@#@xfplay@#@9@#@经典三级@#@http://tupian.sesepu.com:8032/uploadimg/uploads/vod/2014-09-28/06f330e4-a69b-4433-90b6-3249a07e0ea4.jpg@#@@#@xfplay://dna=meDXEGt3AxeZEwDWmGeYEwiWAxm3meeXmwydEwiYm0EbEwtWmGt1DD|dx=374125033|mz=新素女艷譚.1992.rmvb|zx=nhE0pdOVl3P5AF5uLKP5rv5wo206BGa4mc94MzXPozS|zx=nhE0pdOVl3Ewpc5xqzD4AF5wo206BGa4mc94MzXPozS@#@F72358DBC631DB02F850CA519BE2EAB5@#@3418@#@1445133349005
香港 三级 新应召女郎1993@#@xfplay@#@9@#@经典三级@#@http://tupian.sesepu.com:8032/uploadimg/uploads/vod/2014-09-28/dff402da-37bf-4c44-963e-f43c57a36cc0.jpg@#@@#@xfplay://dna=mwjeA0EcDwjbD0DZEHH1DGiZEdH3EGi4BHjbBGHZBGbbAwi4AGmYAa|dx=397318571|mz=新應召女郎 (1993).rmvb|zx=nhE0pdOVl3P5AF5uLKP5rv5wo206BGa4mc94MzXPozS|zx=nhE0pdOVl3Ewpc5xqzD4AF5wo206BGa4mc94MzXPozS@#@2D2ADF57B4E8FAFFCE3337EC30FB67D4@#@3419@#@1445133355507
枪下新娘@#@qvod@#@9@#@经典三级@#@http://tupian.sesepu.com:8032/uploadimg/uploads/vod/2012-05-26/4fc090e3ac102.jpg@#@@#@http://zy.qq7171.com:8032/257001332/EF71DA88B87EA4DF745866CE65FD0667526F4F65/枪下新娘.rmvb@#@3DAF96DB7AC111224C0311B313A1A10A@#@3471@#@1445133618777
枪下新娘@#@xfplay@#@9@#@经典三级@#@http://tupian.sesepu.com:8032/uploadimg/uploads/vod/2012-05-26/4fc090e3ac102.jpg@#@@#@xfplay://dna=meD3A0jbAwudAxeZAwx0AxL5meH4BGpWmGt2EGaZDwqcmZp2Aee5ma|dx=257001332|mz=枪下新娘.rmvb|zx=nhE0pdOVl3P5lzfurNy6lzAVoGO5mdtWl3uzogyUnW|zx=nhE0pdOVl3Ewpc5xqzD4AF5wo206BGa4mc94MzXPozS@#@5FDECE037319EC7C1952909428BD60B7@#@3471@#@1445133618778
香港 三级 剑奴 1993@#@xfplay@#@9@#@经典三级@#@http://tupian.sesepu.com:8032/uploadimg/uploads/vod/2014-08-01/090536ad-c44e-437f-a035-44bcd768c1ca.jpg@#@@#@xfplay://dna=EeeWBee1BGa4AGfgEGMfDHjgAdqbBGL3BGpXmZiWBGqbAZp5AwugBa|dx=365182782|mz=劍奴.1993.rmvb|zx=nhE0pdOVl3P5AF5uLKP5rv5wo206BGa4mc94MzXPozS@#@CC2DDC937F489A60ED40B28596DFA100@#@3609@#@1445134382681
日本 三级 女囚07号玲奈@#@xfplay@#@9@#@经典三级@#@http://tupian.sesepu.com:8032/uploadimg/uploads/vod/2014-08-01/af17323f-0f14-4286-9f58-f9f4913d2725.jpg@#@@#@xfplay://dna=Eee4mdpYAZD2BGufBeH4mdIgmdD4mGEdAwt0BGeZAee3DGbgAwt3Dt|dx=374357107|mz=女囚07號玲奈.rmvb|zx=nhE0pdOVl3P5AF5uLKP5rv5wo206BGa4mc94MzXPozS|zx=nhE0pdOVl3Ewpc5xqzD4AF5wo206BGa4mc94MzXPozS@#@17A27FC34D0C8D429B5A5CC1E3536DB9@#@3854@#@1445135886435
温泉浴女@#@xfplay@#@9@#@经典三级@#@http://tupian.sesepu.com:8032/uploadimg/uploads/vod/2014-09-10/fb279f98-4f17-48c1-b4f0-0a7cc5c92288.jpg@#@@#@xfplay://dna=mdp0BdIeEGL0BeDZEwL3AHDWDZaXm0D1BHD0m0D3EHm4mwIcDwa4At|dx=330767914|mz=溫泉浴女 [中文字幕]].rmvb|zx=nhE0pdOVl3P5AF5uLKP5rv5wo206BGa4mc94MzXPozS|zx=nhE0pdOVl3Ewpc5xqzD4AF5wo206BGa4mc94MzXPozS@#@121E74C49B67DEAE50F5FD48717F3DBC@#@3855@#@1445135889809
香港 三级 挡不住的风情 1993@#@xfplay@#@9@#@经典三级@#@http://tupian.sesepu.com:8032/uploadimg/uploads/vod/2014-08-01/a1960f36-7782-420d-9eef-9f534eba64b9.jpg@#@@#@xfplay://dna=AdqdBGHYAGHXBHjcEGLZAwH1DGi0Ewi5EGjfBefdBGpWEGjdmwLZma|dx=405500485|mz=擋不住的風情.rmvb|zx=nhE0pdOVl3P5AF5uLKP5rv5wo206BGa4mc94MzXPozS|zx=nhE0pdOVl3Ewpc5xqzD4AF5wo206BGa4mc94MzXPozS@#@DD8C3B5C43C53112F4897830821D2580@#@3856@#@1445135895546
日本 三级 少女娼妇@#@xfplay@#@9@#@经典三级@#@http://tupian.sesepu.com:8032/uploadimg/uploads/vod/2014-08-01/dd1aaeb6-2f8f-4d28-b435-52c95d913451.jpg@#@@#@xfplay://dna=BGaWAHAeDwycAGi2EGL2DGLWBeIgEwbfAZqgAHiZAwx4Awp3m0i3Dt|dx=314140120|mz=少女娼婦.rmvb|zx=nhE0pdOVl3P5AF5uLKP5rv5wo206BGa4mc94MzXPozS|zx=nhE0pdOVl3Ewpc5xqzD4AF5wo206BGa4mc94MzXPozS@#@B4DF83BB01C23475649DF1D7467A323F@#@3857@#@1445135901996
婚前游戏@#@qvod@#@9@#@经典三级@#@http://tupian.sesepu.com:8032/uploadimg/2012-3/258.jpg@#@@#@http://zy.qq7171.com:8032/287837569/A91ADBBF7DF0FE1358883EB66BBBBB622A3C386E/婚前游戏.rmvb@#@A64D8362308327ACCC06830BE6D8EECD@#@4023@#@1445137013760
婚前游戏@#@xfplay@#@9@#@经典三级@#@http://tupian.sesepu.com:8032/uploadimg/2012-3/258.jpg@#@@#@xfplay://dna=BdfbmHi4mdLYBdp0Ewm1EGLZBdD3mZe1mdEfmwp5Dxm4AxIdA0IbAD|dx=287837569|mz=婚前游戏.rmvb|zx=nhE0pdOVl3P5lzfurNy6lzAVoGO5mdtWl3uzogyUnW|zx=nhE0pdOVl3Ewpc5xqzD4AF5wo206BGa4mc94MzXPozS@#@6DF5425BAA573A3CBDE79173EC62103E@#@4023@#@1445137013761
职业妓女昭和裸性门 中文字幕@#@xfplay@#@9@#@经典三级@#@http://img.sejiazu.com:3027/Uploads/vod/2014-04-18/136f5b08-4a99-409d-ab7e-6661546024f6.jpg@#@@#@xfplay://dna=mxe2mGt0AeIgm0EgEGD2EHD5AdyeExH5meEbExfbmdaZmHmWAdp0ED|dx=316853722|mz=職業妓女-昭和裸性門 [中文字幕].rmvb|zx=nhE0pdOVl3A1LweUMhMxBGDUL29TBwxWBdaVrgMSnJ5R|zx=nhE0pdOVl3Ewpc5xqzD4AF5wo206BGa4mc94MzXPozS@#@AE057CF936CF82E6571553702884380D@#@4197@#@1445138167511
新说牡丹灯笼贰@#@xfplay@#@9@#@经典三级@#@http://img.sejiazu.com:3027/Uploads/vod/2014-10-31/c2b2d926-72d9-4ed9-85aa-eb076dc31bf6.jpg@#@http://i.imgur.com/EtBxTHf.jpg,http://i.imgur.com/xzsshzq.jpg,http://i.imgur.com/xzsshzq.jpg,http://i.imgur.com/xzsshzq.jpg@#@xfplay://dna=Edi1AdbeBeHXEdLYDZmZmHiWAHD2mwIfBejfEHL4Exe3mwH4mdMfmW|dx=400918876|mz=再見(2009)[中文字幕].rmvb|zx=nhE0pdOVl3P5AF5xqzD5Ac5wo206BGa4mc94MzXPozS|zx=nhE0pdOVl3Ewpc5xqzD4AF5wo206BGa4mc94MzXPozS@#@83BD4E7283C68645609B3C47B3EA9B88@#@4198@#@1445138170787
11天11夜之2顶尖模特儿@#@xfplay@#@9@#@经典三级@#@http://img.sejiazu.com:3027/Uploads/vod/2014-09-12/7792b70d-9e28-4997-8c2d-96e22d4247ec.jpg@#@@#@xfplay://dna=mwi4mwm1DGjeDGa4BGmXBdLYBGx4AZfcEwHXmeIcmZt1BGH1BeHWmD|dx=386534114|mz=11天11夜之2 頂尖模特兒 [中文字幕].rmvb|zx=nhE0pdOVl3P5AF5xqzD5Ac5wo206BGa4mc94MzXPozS|zx=nhE0pdOVl3Ewpc5xqzD4AF5wo206BGa4mc94MzXPozS@#@9A79CB80CBC742D31704705EC3878D41@#@4199@#@1445138176931
偷情夫妻大对决@#@xfplay@#@9@#@经典三级@#@http://tupian.sesepu.com:8032/uploadimg/uploads/vod/2013-08-16/0a9823ad-0365-41ec-988c-1e1d1123c668.jpg@#@@#@xfplay://dna=mwMfDHi4AwD3BHLZEeH1mwfemdfcAxm1AdeWAGqgDGH4AHLYEeD3ma|dx=340807594|mz=19.rmvb|zx=nhE0pdOVl3P5mv5uLKP5rv5wo206BGa4mc94MzXPozS|zx=nhE0pdOVl3Ewpc5xqzD4AF5wo206BGa4mc94MzXPozS@#@D900E0A36E879C6263EFB7A07B72F0DE@#@5571@#@1445147105534
禁室培欲4 秘密地下室@#@xfplay@#@9@#@经典三级@#@http://tupian.sesepu.com:8032/uploadimg/uploads/vod/2013-08-17/dcb0f81e-b02e-4ae0-817b-7d19ad74a1b7.jpg@#@@#@xfplay://dna=EeiXAHi3ExH1DHEbEGt4DxLXmGmYDwpXDwe2EGa4mdaWEGugDxD1DW|dx=328500470|mz=禁室培欲4秘密地下室.rmvb|zx=nhE0pdOVl3P5mv5uLKP5rv5wo206BGa4mc94MzXPozS|zx=nhE0pdOVl3Ewpc5xqzD4AF5wo206BGa4mc94MzXPozS@#@2330918F9DCC7CC794A97BC7B400D58D@#@5572@#@1445147112223
风月宝鉴之初入桃源洞@#@xfplay@#@9@#@经典三级@#@http://tupian.sesepu.com:8032/uploadimg/uploads/vod/2013-09-23/e4042212-fd6a-4177-bf70-6165fe927594.jpg@#@@#@xfplay://dna=AZe2DHEdmZMgDHm4Dwi1meIfDwa2AdfbDHH0AGLYm0MbEwa1meMbED|dx=603147698|mz=风月宝鉴-初入桃源洞.rmvb|zx=nhE0pdOVl3P5mv5uLKP5rv5wo206BGa4mc94MzXPozS|zx=nhE0pdOVl3Ewpc5xqzD4AF5wo206BGa4mc94MzXPozS@#@359CF5651DA2DD66D61FF2F610E42286@#@5573@#@1445147117523
